VGS_V,VDS_V,ID_mA,Region
0.0,0.0,1e-11,OFF
0.1,0.0,-0.0,OFF
0.2,0.0,-0.0,OFF
0.3,0.0,-0.0,OFF
0.4,0.0,-0.0,OFF
0.5,0.0,-0.0,OFF
0.6,0.0,-0.0,OFF
0.7,0.0,-0.0,OFF
0.8,0.0,-0.0,TRIODE
0.9,0.0,-0.0,TRIODE
1.0,0.0,-0.0,TRIODE
1.1,0.0,-0.0,TRIODE
1.2,0.0,-0.0,TRIODE
1.3,0.0,-0.0,TRIODE
1.4,0.0,-0.0,TRIODE
1.5,0.0,-0.0,TRIODE
1.6,0.0,-0.0,TRIODE
1.7,0.0,-0.0,TRIODE
1.8,0.0,-0.0,TRIODE
0.0,0.1,1.1e-10,OFF
0.1,0.1,1.1e-10,OFF
0.2,0.1,1.1e-10,OFF
0.3,0.1,1.1e-10,OFF
0.4,0.1,1.1e-10,OFF
0.5,0.1,1.1e-10,OFF
0.6,0.1,1.1e-10,OFF
0.7,0.1,1.1e-10,OFF
0.8,0.1,0.0100200001,TRIODE
0.9,0.1,0.030060000099999998,TRIODE
1.0,0.1,0.0501000001,TRIODE
1.1,0.1,0.07014000009999999,TRIODE
1.2,0.1,0.0901800001,TRIODE
1.3,0.1,0.11022,TRIODE
1.4,0.1,0.13026,TRIODE
1.5,0.1,0.1503,TRIODE
1.6,0.1,0.17034,TRIODE
1.7,0.1,0.19038,TRIODE
1.8,0.1,0.21042,TRIODE
0.0,0.2,2.1e-10,OFF
0.1,0.2,2.1e-10,OFF
0.2,0.2,2.1e-10,OFF
0.3,0.2,2.1e-10,OFF
0.4,0.2,2.1e-10,OFF
0.5,0.2,2.1e-10,OFF
0.6,0.2,2.1e-10,OFF
0.7,0.2,2.1e-10,OFF
0.8,0.2,0.0100400002,SATURATION
0.9,0.2,0.0401600002,TRIODE
1.0,0.2,0.0803200002,TRIODE
1.1,0.2,0.12048,TRIODE
1.2,0.2,0.16064,TRIODE
1.3,0.2,0.2008,TRIODE
1.4,0.2,0.24096,TRIODE
1.5,0.2,0.28112,TRIODE
1.6,0.2,0.32128,TRIODE
1.7,0.2,0.36144,TRIODE
1.8,0.2,0.4016,TRIODE
0.0,0.3,3.1e-10,OFF
0.1,0.3,3.1e-10,OFF
0.2,0.3,3.1e-10,OFF
0.3,0.3,3.1e-10,OFF
0.4,0.3,3.1e-10,OFF
0.5,0.3,3.1e-10,OFF
0.6,0.3,3.1e-10,OFF
0.7,0.3,3.1e-10,OFF
0.8,0.3,0.0100600003,SATURATION
0.9,0.3,0.0402400003,SATURATION
1.0,0.3,0.09054000029999999,TRIODE
1.1,0.3,0.1509,TRIODE
1.2,0.3,0.21126,TRIODE
1.3,0.3,0.27162,TRIODE
1.4,0.3,0.33198,TRIODE
1.5,0.3,0.39233999999999997,TRIODE
1.6,0.3,0.4527,TRIODE
1.7,0.3,0.51306,TRIODE
1.8,0.3,0.57342,TRIODE
0.0,0.4,4.1000000000000003e-10,OFF
0.1,0.4,4.1000000000000003e-10,OFF
0.2,0.4,4.1000000000000003e-10,OFF
0.3,0.4,4.1000000000000003e-10,OFF
0.4,0.4,4.1000000000000003e-10,OFF
0.5,0.4,4.1000000000000003e-10,OFF
0.6,0.4,4.1000000000000003e-10,OFF
0.7,0.4,4.1000000000000003e-10,OFF
0.8,0.4,0.0100800004,SATURATION
0.9,0.4,0.0403200004,SATURATION
1.0,0.4,0.0907200004,SATURATION
1.1,0.4,0.16128,TRIODE
1.2,0.4,0.24192,TRIODE
1.3,0.4,0.32256,TRIODE
1.4,0.4,0.4032,TRIODE
1.5,0.4,0.48384,TRIODE
1.6,0.4,0.56448,TRIODE
1.7,0.4,0.64512,TRIODE
1.8,0.4,0.72576,TRIODE
0.0,0.5,5.100000000000001e-10,OFF
0.1,0.5,5.100000000000001e-10,OFF
0.2,0.5,5.100000000000001e-10,OFF
0.3,0.5,5.100000000000001e-10,OFF
0.4,0.5,5.100000000000001e-10,OFF
0.5,0.5,5.100000000000001e-10,OFF
0.6,0.5,5.100000000000001e-10,OFF
0.7,0.5,5.100000000000001e-10,OFF
0.8,0.5,0.0101000005,SATURATION
0.9,0.5,0.0404000005,SATURATION
1.0,0.5,0.0909000005,SATURATION
1.1,0.5,0.161600001,SATURATION
1.2,0.5,0.25250000100000003,SATURATION
1.3,0.5,0.353500001,TRIODE
1.4,0.5,0.454500001,TRIODE
1.5,0.5,0.555500001,TRIODE
1.6,0.5,0.6565000009999999,TRIODE
1.7,0.5,0.757500001,TRIODE
1.8,0.5,0.858500001,TRIODE
0.0,0.6,6.100000000000001e-10,OFF
0.1,0.6,6.100000000000001e-10,OFF
0.2,0.6,6.100000000000001e-10,OFF
0.3,0.6,6.100000000000001e-10,OFF
0.4,0.6,6.100000000000001e-10,OFF
0.5,0.6,6.100000000000001e-10,OFF
0.6,0.6,6.100000000000001e-10,OFF
0.7,0.6,6.100000000000001e-10,OFF
0.8,0.6,0.0101200006,SATURATION
0.9,0.6,0.0404800006,SATURATION
1.0,0.6,0.0910800006,SATURATION
1.1,0.6,0.16192000099999998,SATURATION
1.2,0.6,0.25300000100000003,SATURATION
1.3,0.6,0.364320001,TRIODE
1.4,0.6,0.485760001,TRIODE
1.5,0.6,0.607200001,TRIODE
1.6,0.6,0.728640001,TRIODE
1.7,0.6,0.850080001,TRIODE
1.8,0.6,0.971520001,TRIODE
0.0,0.7,7.1e-10,OFF
0.1,0.7,7.1e-10,OFF
0.2,0.7,7.1e-10,OFF
0.3,0.7,7.1e-10,OFF
0.4,0.7,7.1e-10,OFF
0.5,0.7,7.1e-10,OFF
0.6,0.7,7.1e-10,OFF
0.7,0.7,7.1e-10,OFF
0.8,0.7,0.0101400007,SATURATION
0.9,0.7,0.0405600007,SATURATION
1.0,0.7,0.0912600007,SATURATION
1.1,0.7,0.162240001,SATURATION
1.2,0.7,0.253500001,SATURATION
1.3,0.7,0.365040001,SATURATION
1.4,0.7,0.496860001,SATURATION
1.5,0.7,0.638820001,TRIODE
1.6,0.7,0.780780001,TRIODE
1.7,0.7,0.922740001,TRIODE
1.8,0.7,1.0647,TRIODE
0.0,0.8,8.1e-10,OFF
0.1,0.8,8.1e-10,OFF
0.2,0.8,8.1e-10,OFF
0.3,0.8,8.1e-10,OFF
0.4,0.8,8.1e-10,OFF
0.5,0.8,8.1e-10,OFF
0.6,0.8,8.1e-10,OFF
0.7,0.8,8.1e-10,OFF
0.8,0.8,0.010160000800000001,SATURATION
0.9,0.8,0.0406400008,SATURATION
1.0,0.8,0.0914400008,SATURATION
1.1,0.8,0.162560001,SATURATION
1.2,0.8,0.254000001,SATURATION
1.3,0.8,0.365760001,SATURATION
1.4,0.8,0.49784000100000003,SATURATION
1.5,0.8,0.6502400009999999,SATURATION
1.6,0.8,0.812800001,TRIODE
1.7,0.8,0.975360001,TRIODE
1.8,0.8,1.13792,TRIODE
0.0,0.9,9.1e-10,OFF
0.1,0.9,9.1e-10,OFF
0.2,0.9,9.1e-10,OFF
0.3,0.9,9.1e-10,OFF
0.4,0.9,9.1e-10,OFF
0.5,0.9,9.1e-10,OFF
0.6,0.9,9.1e-10,OFF
0.7,0.9,9.1e-10,OFF
0.8,0.9,0.0101800009,SATURATION
0.9,0.9,0.040720000900000004,SATURATION
1.0,0.9,0.0916200009,SATURATION
1.1,0.9,0.162880001,SATURATION
1.2,0.9,0.254500001,SATURATION
1.3,0.9,0.366480001,SATURATION
1.4,0.9,0.49882000099999996,SATURATION
1.5,0.9,0.6515200010000001,SATURATION
1.6,0.9,0.824580001,TRIODE
1.7,0.9,1.00782,TRIODE
1.8,0.9,1.19106,TRIODE
0.0,1.0,1.01e-09,OFF
0.1,1.0,1.01e-09,OFF
0.2,1.0,1.01e-09,OFF
0.3,1.0,1.01e-09,OFF
0.4,1.0,1.01e-09,OFF
0.5,1.0,1.01e-09,OFF
0.6,1.0,1.01e-09,OFF
0.7,1.0,1.01e-09,OFF
0.8,1.0,0.010200001,SATURATION
0.9,1.0,0.040800000999999995,SATURATION
1.0,1.0,0.091800001,SATURATION
1.1,1.0,0.163200001,SATURATION
1.2,1.0,0.25500000100000003,SATURATION
1.3,1.0,0.367200001,SATURATION
1.4,1.0,0.499800001,SATURATION
1.5,1.0,0.652800001,SATURATION
1.6,1.0,0.826200001,SATURATION
1.7,1.0,1.02,SATURATION
1.8,1.0,1.224,TRIODE
0.0,1.1,1.1099999999999999e-09,OFF
0.1,1.1,1.1099999999999999e-09,OFF
0.2,1.1,1.1099999999999999e-09,OFF
0.3,1.1,1.1099999999999999e-09,OFF
0.4,1.1,1.1099999999999999e-09,OFF
0.5,1.1,1.1099999999999999e-09,OFF
0.6,1.1,1.1099999999999999e-09,OFF
0.7,1.1,1.1099999999999999e-09,OFF
0.8,1.1,0.010220001099999999,SATURATION
0.9,1.1,0.0408800011,SATURATION
1.0,1.1,0.0919800011,SATURATION
1.1,1.1,0.163520001,SATURATION
1.2,1.1,0.25550000100000003,SATURATION
1.3,1.1,0.367920001,SATURATION
1.4,1.1,0.5007800010000001,SATURATION
1.5,1.1,0.6540800010000001,SATURATION
1.6,1.1,0.8278200010000001,SATURATION
1.7,1.1,1.0219999999999998,SATURATION
1.8,1.1,1.2366199999999998,SATURATION
0.0,1.2,1.2100000000000002e-09,OFF
0.1,1.2,1.2100000000000002e-09,OFF
0.2,1.2,1.2100000000000002e-09,OFF
0.3,1.2,1.2100000000000002e-09,OFF
0.4,1.2,1.2100000000000002e-09,OFF
0.5,1.2,1.2100000000000002e-09,OFF
0.6,1.2,1.2100000000000002e-09,OFF
0.7,1.2,1.2100000000000002e-09,OFF
0.8,1.2,0.0102400012,SATURATION
0.9,1.2,0.0409600012,SATURATION
1.0,1.2,0.09216000120000001,SATURATION
1.1,1.2,0.163840001,SATURATION
1.2,1.2,0.256000001,SATURATION
1.3,1.2,0.368640001,SATURATION
1.4,1.2,0.501760001,SATURATION
1.5,1.2,0.655360001,SATURATION
1.6,1.2,0.8294400009999999,SATURATION
1.7,1.2,1.024,SATURATION
1.8,1.2,1.2390400000000001,SATURATION
0.0,1.3,1.31e-09,OFF
0.1,1.3,1.31e-09,OFF
0.2,1.3,1.31e-09,OFF
0.3,1.3,1.31e-09,OFF
0.4,1.3,1.31e-09,OFF
0.5,1.3,1.31e-09,OFF
0.6,1.3,1.31e-09,OFF
0.7,1.3,1.31e-09,OFF
0.8,1.3,0.0102600013,SATURATION
0.9,1.3,0.0410400013,SATURATION
1.0,1.3,0.0923400013,SATURATION
1.1,1.3,0.164160001,SATURATION
1.2,1.3,0.256500001,SATURATION
1.3,1.3,0.369360001,SATURATION
1.4,1.3,0.502740001,SATURATION
1.5,1.3,0.656640001,SATURATION
1.6,1.3,0.831060001,SATURATION
1.7,1.3,1.026,SATURATION
1.8,1.3,1.24146,SATURATION
0.0,1.4,1.41e-09,OFF
0.1,1.4,1.41e-09,OFF
0.2,1.4,1.41e-09,OFF
0.3,1.4,1.41e-09,OFF
0.4,1.4,1.41e-09,OFF
0.5,1.4,1.41e-09,OFF
0.6,1.4,1.41e-09,OFF
0.7,1.4,1.41e-09,OFF
0.8,1.4,0.0102800014,SATURATION
0.9,1.4,0.0411200014,SATURATION
1.0,1.4,0.09252000140000001,SATURATION
1.1,1.4,0.164480001,SATURATION
1.2,1.4,0.25700000100000003,SATURATION
1.3,1.4,0.370080001,SATURATION
1.4,1.4,0.503720001,SATURATION
1.5,1.4,0.657920001,SATURATION
1.6,1.4,0.8326800010000001,SATURATION
1.7,1.4,1.028,SATURATION
1.8,1.4,1.2438799999999999,SATURATION
0.0,1.5,1.51e-09,OFF
0.1,1.5,1.51e-09,OFF
0.2,1.5,1.51e-09,OFF
0.3,1.5,1.51e-09,OFF
0.4,1.5,1.51e-09,OFF
0.5,1.5,1.51e-09,OFF
0.6,1.5,1.51e-09,OFF
0.7,1.5,1.51e-09,OFF
0.8,1.5,0.010300001500000001,SATURATION
0.9,1.5,0.0412000015,SATURATION
1.0,1.5,0.0927000015,SATURATION
1.1,1.5,0.164800002,SATURATION
1.2,1.5,0.257500002,SATURATION
1.3,1.5,0.370800002,SATURATION
1.4,1.5,0.504700002,SATURATION
1.5,1.5,0.659200002,SATURATION
1.6,1.5,0.8343000020000001,SATURATION
1.7,1.5,1.03,SATURATION
1.8,1.5,1.2463000000000002,SATURATION
0.0,1.6,1.61e-09,OFF
0.1,1.6,1.61e-09,OFF
0.2,1.6,1.61e-09,OFF
0.3,1.6,1.61e-09,OFF
0.4,1.6,1.61e-09,OFF
0.5,1.6,1.61e-09,OFF
0.6,1.6,1.61e-09,OFF
0.7,1.6,1.61e-09,OFF
0.8,1.6,0.0103200016,SATURATION
0.9,1.6,0.0412800016,SATURATION
1.0,1.6,0.0928800016,SATURATION
1.1,1.6,0.16512000200000002,SATURATION
1.2,1.6,0.25800000199999995,SATURATION
1.3,1.6,0.371520002,SATURATION
1.4,1.6,0.505680002,SATURATION
1.5,1.6,0.660480002,SATURATION
1.6,1.6,0.8359200019999999,SATURATION
1.7,1.6,1.032,SATURATION
1.8,1.6,1.24872,SATURATION
0.0,1.7,1.7099999999999999e-09,OFF
0.1,1.7,1.7099999999999999e-09,OFF
0.2,1.7,1.7099999999999999e-09,OFF
0.3,1.7,1.7099999999999999e-09,OFF
0.4,1.7,1.7099999999999999e-09,OFF
0.5,1.7,1.7099999999999999e-09,OFF
0.6,1.7,1.7099999999999999e-09,OFF
0.7,1.7,1.7099999999999999e-09,OFF
0.8,1.7,0.0103400017,SATURATION
0.9,1.7,0.0413600017,SATURATION
1.0,1.7,0.09306000169999999,SATURATION
1.1,1.7,0.165440002,SATURATION
1.2,1.7,0.258500002,SATURATION
1.3,1.7,0.372240002,SATURATION
1.4,1.7,0.506660002,SATURATION
1.5,1.7,0.6617600020000001,SATURATION
1.6,1.7,0.837540002,SATURATION
1.7,1.7,1.034,SATURATION
1.8,1.7,1.25114,SATURATION
0.0,1.8,1.81e-09,OFF
0.1,1.8,1.81e-09,OFF
0.2,1.8,1.81e-09,OFF
0.3,1.8,1.81e-09,OFF
0.4,1.8,1.81e-09,OFF
0.5,1.8,1.81e-09,OFF
0.6,1.8,1.81e-09,OFF
0.7,1.8,1.81e-09,OFF
0.8,1.8,0.0103600018,SATURATION
0.9,1.8,0.0414400018,SATURATION
1.0,1.8,0.0932400018,SATURATION
1.1,1.8,0.16576000200000002,SATURATION
1.2,1.8,0.259000002,SATURATION
1.3,1.8,0.372960002,SATURATION
1.4,1.8,0.5076400019999999,SATURATION
1.5,1.8,0.663040002,SATURATION
1.6,1.8,0.8391600020000001,SATURATION
1.7,1.8,1.036,SATURATION
1.8,1.8,1.25356,SATURATION
